{
  "eeee": [
    [
      7.88788477336977,
      1.0819419694426633,
      0.7338591140159768,
      0.25511769503437076
    ],
    [
      7.05825277398403,
      1.2840763306482037,
      0.7972649572649573,
      0.19436377461628043
    ],
    [
      7.05825277398403,
      1.2840763306482037,
      0.7972649572649573,
      0.19436377461628043
    ],
    [
      7.172321348115245,
      0.984610428820954,
      0.7303800532558702,
      0.19654902942615504
    ]
  ],
  "fefeef": [
    [
      7.55202446780134,
      1.0385706254479747,
      0.726911505342878,
      0.24013769637231877
    ],
    [
      7.55202446780134,
      1.0385706254479747,
      0.726911505342878,
      0.24013769637231877
    ]
  ],
  "dots": [
    [
      8.135920996122131,
      1.1137084575772946,
      0.7479127134724858,
      0.22767565026312497
    ]
  ],
  "eh": [
    [
      8.061376362625241,
      1.0266331267107252,
      0.6938006781660033,
      0.27676193620075973
    ]
  ]
}